{"is_source_file": true, "format": "Java", "description": "This file defines the configuration class for OpenAPI in the Intelligent Chatbot Service, setting up API metadata.", "external_files": ["io.swagger.v3.oas.models.OpenAPI", "io.swagger.v3.oas.models.info.Info", "org.springframework.context.annotation.Bean", "org.springframework.context.annotation.Configuration"], "external_methods": ["org.springframework.context.annotation.Bean", "org.springframework.context.annotation.Configuration"], "published": ["intelligentChatbotOpenApi()"], "classes": [{"name": "OpenApiConfig", "description": "Configuration class that sets up the OpenAPI metadata for the service."}], "methods": [{"name": "intelligentChatbotOpenApi", "description": "Creates and returns an OpenAPI object with service API information."}], "calls": ["new OpenAPI()", "new Info()"], "search-terms": ["OpenAPI configuration", "Swagger", "API metadata", "Spring @Configuration", "WebSocket APIs"], "state": 2, "file_id": 8, "knowledge_revision": 38, "git_revision": "c30e3d3ab4f39041165845ec243f5cffaae03a93", "hash": "29d510460c6075013ab8a2e0309c88b4", "format-version": 4, "code-base-name": "intelligent_chatbot_service", "filename": "intelligent_chatbot_service/src/main/java/com/example/intelligentchatbotservice/config/OpenApiConfig.java", "revision_history": [{"38": "c30e3d3ab4f39041165845ec243f5cffaae03a93"}]}