{"is_source_file": true, "format": "Java", "description": "This file defines a REST API controller for handling chat conversations and messages, including endpoints to start conversations, retrieve specific conversations, list conversations with filtering, post messages, and read messages within conversations.", "external_files": ["com.example.intelligentchatbotservice.api.dto.ConversationResponse", "com.example.intelligentchatbotservice.api.dto.MessageResponse", "com.example.intelligentchatbotservice.api.dto.PostMessageRequest", "com.example.intelligentchatbotservice.api.dto.StartConversationRequest", "com.example.intelligentchatbotservice.service.ChatService", "io.swagger.v3.oas.annotations.Operation", "io.swagger.v3.oas.annotations.Parameter", "io.swagger.v3.oas.annotations.tags.Tag", "org.springframework.web.bind.annotation.*", "org.springframework.http.HttpStatus", "java.util.UUID", "java.time.OffsetDateTime", "org.springframework.data.domain.Page", "org.springframework.format.annotation.DateTimeFormat", "jakarta.validation.Valid"], "external_methods": ["chatService.startConversation(request)", "chatService.getConversation(conversationId)", "chatService.listConversations(passengerId, page, size)", "chatService.postMessage(conversationId, request)", "chatService.getMessages(conversationId, after, limit)"], "published": ["startConversation", "getConversation", "listConversations", "postMessage", "getMessages"], "classes": [{"name": "ChatController", "description": "Spring REST Controller managing chat conversations and message endpoints."}], "methods": [{"name": "startConversation", "description": "Creates a new chatbot conversation for a passenger and returns the created conversation."}, {"name": "getConversation", "description": "Fetches a single conversation by its UUID."}, {"name": "listConversations", "description": "Lists existing conversations with optional filtering by passengerId, supporting pagination."}, {"name": "postMessage", "description": "Adds a message to an existing conversation, with message details provided in the request body."}, {"name": "getMessages", "description": "Retrieves messages within a conversation, optionally filtered by timestamp and limited in number."}], "calls": ["chatService.startConversation(request)", "chatService.getConversation(conversationId)", "chatService.listConversations(passengerId, page, size)", "chatService.postMessage(conversationId, request)", "chatService.getMessages(conversationId, after, limit)"], "search-terms": ["ChatController", "startConversation", "getConversation", "listConversations", "postMessage", "getMessages", "REST API", "chat service"], "state": 2, "file_id": 19, "knowledge_revision": 49, "git_revision": "c30e3d3ab4f39041165845ec243f5cffaae03a93", "hash": "4d33f6c9c246d98456cbe6a2eeb4ef8a", "format-version": 4, "code-base-name": "intelligent_chatbot_service", "filename": "intelligent_chatbot_service/src/main/java/com/example/intelligentchatbotservice/api/ChatController.java", "revision_history": [{"49": "c30e3d3ab4f39041165845ec243f5cffaae03a93"}]}