{"is_source_file": true, "format": "Java", "description": "This file defines a data transfer object (DTO) class 'PostMessageRequest' used for accepting user input when posting a message to a conversation in a chatbot service. It includes validation constraints and properties related to message role, content, type, and optional payload.", "external_files": ["jakarta.validation.constraints.NotBlank", "jakarta.validation.constraints.Pattern"], "external_methods": [], "published": ["PostMessageRequest"], "classes": [{"name": "PostMessageRequest", "description": "A DTO class representing a request payload for posting a message, including role, content, message type, and optional payload."}], "methods": [{"name": "getRole", "description": "Getter for the role property."}, {"name": "setRole", "description": "Setter for the role property."}, {"name": "getContent", "description": "Getter for the content property."}, {"name": "setContent", "description": "Setter for the content property."}, {"name": "getMessageType", "description": "Getter for the messageType property."}, {"name": "setMessageType", "description": "Setter for the messageType property."}, {"name": "getPayload", "description": "Getter for the payload property."}, {"name": "setPayload", "description": "Setter for the payload property."}], "calls": [], "search-terms": ["PostMessageRequest", "DTO", "conversation message", "role validation", "payload", "Java class"], "state": 2, "file_id": 14, "knowledge_revision": 44, "git_revision": "c30e3d3ab4f39041165845ec243f5cffaae03a93", "hash": "05a71ca10272347f3943cc4e6466895c", "format-version": 4, "code-base-name": "intelligent_chatbot_service", "filename": "intelligent_chatbot_service/src/main/java/com/example/intelligentchatbotservice/api/dto/PostMessageRequest.java", "revision_history": [{"44": "c30e3d3ab4f39041165845ec243f5cffaae03a93"}]}