{"is_source_file": false, "format": "", "description": "", "external_files": [], "external_methods": [], "published": [], "classes": [], "methods": [], "calls": [], "search-terms": [], "state": 2, "file_id": 3, "knowledge_revision": 7, "git_revision": "112889c0ccc77b4440945a39c04b30e357c32f39", "hash": "32fdb0cf1eec8f0d40dc9f724689c0b6", "format-version": 4, "code-base-name": "intelligent_chatbot_service", "filename": "intelligent_chatbot_service/settings.gradle", "revision_history": [{"7": "112889c0ccc77b4440945a39c04b30e357c32f39"}]}