{"is_source_file": true, "format": "Java", "description": "Main application class for the intelligent chatbot service platform, starting the Spring Boot application.", "external_files": ["org.springframework.boot.SpringApplication", "org.springframework.boot.autoconfigure.SpringBootApplication"], "external_methods": ["SpringApplication.run"], "published": ["com.example.intelligentchatbotserviceApplication"], "classes": [{"name": "intelligentchatbotserviceApplication", "description": "Main class annotated with @SpringBootApplication, acts as the entry point for the Spring Boot application."}], "methods": [{"name": "main", "description": "The main method that launches the Spring Boot application."}], "calls": ["SpringApplication.run"], "search-terms": ["Spring Boot", "intelligentchatbotserviceApplication", "main", "Java", "Application"], "state": 2, "file_id": 1, "knowledge_revision": 37, "git_revision": "c30e3d3ab4f39041165845ec243f5cffaae03a93", "revision_history": [{"10": "112889c0ccc77b4440945a39c04b30e357c32f39"}, {"37": "c30e3d3ab4f39041165845ec243f5cffaae03a93"}], "hash": "61f8b791cafb76ef1f4d3f3d89629fff", "format-version": 4, "code-base-name": "intelligent_chatbot_service", "filename": "intelligent_chatbot_service/src/main/java/com/example/demo/intelligentchatbotserviceApplication.java"}