{"is_source_file": false, "format": "", "description": "", "external_files": [], "external_methods": [], "published": [], "classes": [], "methods": [], "calls": [], "search-terms": [], "state": 2, "file_id": 24, "knowledge_revision": 54, "git_revision": "c30e3d3ab4f39041165845ec243f5cffaae03a93", "hash": "12711b67c3e207300fe520493046d15b", "format-version": 4, "code-base-name": "intelligent_chatbot_service", "filename": "intelligent_chatbot_service/config/checkstyle/checkstyle.xml", "revision_history": [{"54": "c30e3d3ab4f39041165845ec243f5cffaae03a93"}]}