{"is_source_file": true, "format": "Java", "description": "This file defines a custom exception class 'NotFoundException' used to indicate that a requested resource was not found within the application.", "external_files": [], "external_methods": [], "published": ["com.example.intelligentchatbotservice.service.NotFoundException"], "classes": [{"name": "NotFoundException", "description": "A custom runtime exception indicating that a resource was not found."}], "methods": [{"name": "NotFoundException", "description": "Constructor that initializes the exception with a specific message."}], "calls": [], "search-terms": ["NotFoundException", "ResourceNotFound", "Exception", "RuntimeException"], "state": 2, "file_id": 18, "knowledge_revision": 48, "git_revision": "c30e3d3ab4f39041165845ec243f5cffaae03a93", "hash": "b6844bbe2f279dd2124a472f30c2673c", "format-version": 4, "code-base-name": "intelligent_chatbot_service", "filename": "intelligent_chatbot_service/src/main/java/com/example/intelligentchatbotservice/service/NotFoundException.java", "revision_history": [{"48": "c30e3d3ab4f39041165845ec243f5cffaae03a93"}]}