{"is_source_file": true, "format": "SQL", "description": "This file contains SQL migration scripts for initializing the database schema of an airport passenger service platform. It defines extensions, functions, types, and tables related to administration, passengers, KYC, chatbots, flights, facilities, bookings, feedback, grievances, notifications, and audit events, along with relevant indexes and triggers.", "external_files": ["None explicitly referenced as external files"], "external_methods": ["set_updated_at() trigger function"], "published": [], "classes": [], "methods": [{"name": "set_updated_at", "description": "A trigger function that updates the 'updated_at' timestamp column to the current timestamp whenever a row is updated."}], "calls": ["set_updated_at()"], "search-terms": ["Flyway migration", "V1__init_schema.sql", "PostgreSQL schema", "airport passenger platform", "multi-tenancy", "enum types", "trigger functions", "table creation", "database initialization"], "state": 2, "file_id": 6, "knowledge_revision": 15, "git_revision": "84a478e37ceeb14a31dfbe8c04f95666bf400a57", "hash": "67765033d99179eae58057dcde1b95d2", "format-version": 4, "code-base-name": "intelligent_chatbot_service", "filename": "intelligent_chatbot_service/src/main/resources/db/migration/V1__init_schema.sql", "revision_history": [{"15": "84a478e37ceeb14a31dfbe8c04f95666bf400a57"}]}