{"is_source_file": false, "format": "", "description": "", "external_files": [], "external_methods": [], "published": [], "classes": [], "methods": [], "calls": [], "search-terms": [], "state": 2, "file_id": 4, "knowledge_revision": 17, "git_revision": "c30e3d3ab4f39041165845ec243f5cffaae03a93", "hash": "d2bd665332d3996575286a949cd59d92", "format-version": 4, "code-base-name": "intelligent_chatbot_service", "filename": "intelligent_chatbot_service/build.gradle", "revision_history": [{"17": "c30e3d3ab4f39041165845ec243f5cffaae03a93"}]}