{"is_source_file": false, "format": "", "description": "", "external_files": [], "external_methods": [], "published": [], "classes": [], "methods": [], "calls": [], "search-terms": [], "state": 2, "file_id": 4, "knowledge_revision": 8, "git_revision": "112889c0ccc77b4440945a39c04b30e357c32f39", "hash": "85f99a36547793e6415556caf5b3a379", "format-version": 4, "code-base-name": "intelligent_chatbot_service", "filename": "intelligent_chatbot_service/build.gradle", "revision_history": [{"8": "112889c0ccc77b4440945a39c04b30e357c32f39"}]}