{"is_source_file": false, "format": "", "description": "", "external_files": [], "external_methods": [], "published": [], "classes": [], "methods": [], "calls": [], "search-terms": [], "state": 2, "file_id": 4, "knowledge_revision": 14, "git_revision": "84a478e37ceeb14a31dfbe8c04f95666bf400a57", "hash": "b1bbd4c858fc3933c9703ce75ccf57e9", "format-version": 4, "code-base-name": "intelligent_chatbot_service", "filename": "intelligent_chatbot_service/build.gradle", "revision_history": [{"14": "84a478e37ceeb14a31dfbe8c04f95666bf400a57"}]}