{"is_source_file": true, "format": "Java", "description": "This file defines the Message entity class mapped to the chatbot_messages database table, including its fields, annotations, and lifecycle methods.", "external_files": ["jakarta.persistence.*", "java.time.OffsetDateTime", "java.util.UUID"], "external_methods": ["OffsetDateTime.now()", "UUID.randomUUID()"], "published": ["getId", "getConversationId", "setConversationId", "getRole", "setRole", "getMessageType", "setMessageType", "getContent", "setContent", "getPayload", "setPayload", "getCreatedAt", "getUpdatedAt"], "classes": [{"name": "Message", "description": "Entity class representing a chat message in the database with fields for id, conversation ID, role, message type, content, payload, timestamps, and lifecycle methods."}], "methods": [{"name": "prePersist", "description": "Automatically initializes timestamp and ID fields before persisting the entity."}], "calls": ["OffsetDateTime.now()", "UUID.randomUUID()"], "search-terms": ["Message entity", "chatbot_messages table", "UUID id", "createdAt", "payload"], "state": 2, "file_id": 10, "knowledge_revision": 40, "git_revision": "c30e3d3ab4f39041165845ec243f5cffaae03a93", "hash": "4f5bba1f169f0e5660b946d48534507f", "format-version": 4, "code-base-name": "intelligent_chatbot_service", "filename": "intelligent_chatbot_service/src/main/java/com/example/intelligentchatbotservice/domain/Message.java", "revision_history": [{"40": "c30e3d3ab4f39041165845ec243f5cffaae03a93"}]}