{"is_source_file": true, "format": "Java", "description": "This file defines WebSocket configuration for the intelligent chat bot service, registering a WebSocket handler at the endpoint /ws/chat.", "external_files": ["org.springframework.context.annotation.Configuration", "org.springframework.web.socket.config.annotation.EnableWebSocket", "org.springframework.web.socket.config.annotation.WebSocketConfigurer", "org.springframework.web.socket.config.annotation.WebSocketHandlerRegistry"], "external_methods": ["org.springframework.web.socket.config.annotation.WebSocketConfigurer.registerWebSocketHandlers"], "published": ["com.example.intelligentchatbotservice.ws.WebSocketConfig"], "classes": [{"name": "WebSocketConfig", "description": "Java class configuring WebSocket support, registering a handler at /ws/chat."}], "methods": [{"name": "WebSocketConfig", "description": "Constructor that injects the chat WebSocket handler."}, {"name": "registerWebSocketHandlers", "description": "Method configuring WebSocket handler routes, allowing all origins temporarily."}], "calls": ["registry.addHandler", "setAllowedOriginPatterns"], "search-terms": ["WebSocketConfig", "WebSocket handler registration", "/ws/chat", "Spring WebSocket configuration", "ChatWebSocketHandler", "configure WebSocket in Spring"], "state": 2, "file_id": 20, "knowledge_revision": 50, "git_revision": "c30e3d3ab4f39041165845ec243f5cffaae03a93", "hash": "42f33f9b144be803bde2025e594cc3b7", "format-version": 4, "code-base-name": "intelligent_chatbot_service", "filename": "intelligent_chatbot_service/src/main/java/com/example/intelligentchatbotservice/ws/WebSocketConfig.java", "revision_history": [{"50": "c30e3d3ab4f39041165845ec243f5cffaae03a93"}]}