{"is_source_file": true, "format": "Java", "description": "This file defines the ChatService class, a core service in a Java-based Spring application responsible for managing conversations and messages within a chatbot system. It includes methods for starting conversations, retrieving conversation details, listing conversations with pagination, posting messages, and retrieving messages with filtering options.", "external_files": ["com.example.intelligentchatbotservice.api.dto.ConversationResponse", "com.example.intelligentchatbotservice.api.dto.MessageResponse", "com.example.intelligentchatbotservice.api.dto.PostMessageRequest", "com.example.intelligentchatbotservice.api.dto.StartConversationRequest", "com.example.intelligentchatbotservice.domain.Conversation", "com.example.intelligentchatbotservice.domain.Message", "com.example.intelligentchatbotservice.repo.ConversationRepository", "com.example.intelligentchatbotservice.repo.MessageRepository"], "external_methods": ["conversationRepository.save()", "conversationRepository.findById()", "conversationRepository.findByPassengerIdOrderByUpdatedAtDesc()", "conversationRepository.findAll()", "messageRepository.save()", "messageRepository.findByConversationIdAndCreatedAtAfterOrderByCreatedAtAsc()", "messageRepository.findByConversationIdOrderByCreatedAtAsc()"], "published": ["startConversation", "getConversation", "listConversations", "postMessage", "getMessages"], "classes": [{"name": "ChatService", "description": "Service class managing conversations and messages in a chatbot system, providing core operations such as creating, retrieving, listing, and posting messages."}], "methods": [{"name": "startConversation", "description": "Initializes a new conversation with provided details and returns a response DTO."}, {"name": "getConversation", "description": "Retrieves details of a specific conversation by ID."}, {"name": "listConversations", "description": "Returns a paginated list of conversations, optionally filtered by passenger ID."}, {"name": "postMessage", "description": "Posts a message to a specified conversation after verifying its existence."}, {"name": "getMessages", "description": "Retrieves messages for a specific conversation, optionally filtered by timestamp, capped by a maximum limit."}], "calls": ["conversationRepository.save()", "conversationRepository.findById()", "conversationRepository.findByPassengerIdOrderByUpdatedAtDesc()", "conversationRepository.findAll()", "messageRepository.save()", "messageRepository.findByConversationIdAndCreatedAtAfterOrderByCreatedAtAsc()", "messageRepository.findByConversationIdOrderByCreatedAtAsc()", "new Conversation()", "new Message()", "new ConversationResponse()", "new MessageResponse()"], "search-terms": ["ChatService", "startConversation", "getConversation", "listConversations", "postMessage", "getMessages", "ConversationRepository", "MessageRepository", "conversation", "message", "UUID", "PageRequest", "MessageResponse", "ConversationResponse"], "state": 2, "file_id": 17, "knowledge_revision": 47, "git_revision": "c30e3d3ab4f39041165845ec243f5cffaae03a93", "hash": "96846df0e13fe9ff925a6c19689dcc14", "format-version": 4, "code-base-name": "intelligent_chatbot_service", "filename": "intelligent_chatbot_service/src/main/java/com/example/intelligentchatbotservice/service/ChatService.java", "revision_history": [{"47": "c30e3d3ab4f39041165845ec243f5cffaae03a93"}]}