{"is_source_file": true, "format": "Java", "description": "This file defines a global exception handler in a Spring Boot application, providing centralized handling of various exceptions to produce consistent API error responses.", "external_files": ["com/example/intelligentchatbotservice/service/NotFoundException", "org.springframework.http.HttpStatus", "org.springframework.http.ResponseEntity", "org.springframework.validation.FieldError", "org.springframework.web.bind.MethodArgumentNotValidException", "org.springframework.web.bind.annotation.ExceptionHandler", "org.springframework.web.bind.annotation.RestControllerAdvice", "jakarta.validation.ConstraintViolationException"], "external_methods": ["ResponseEntity.status()", "ResponseEntity.badRequest()", "ResponseEntity.body()"], "published": ["com.example.intelligentchatbotservice.api.error.GlobalExceptionHandler"], "classes": [{"name": "GlobalExceptionHandler", "description": "A Spring REST controller advice class that handles various exceptions globally and provides uniform API error responses."}], "methods": [{"name": "handleNotFound", "description": "Handles NotFoundExceptions and returns a 404 NOT_FOUND response with an ApiError body."}, {"name": "handleMethodArgumentNotValid", "description": "Handles validation failures for request arguments and returns detailed validation error information."}, {"name": "handleConstraintViolation", "description": "Handles constraint violations and returns a validation error response."}, {"name": "handleGeneric", "description": "Handles all other exceptions, providing a generic internal server error response."}], "calls": ["ResponseEntity.status(HttpStatus.NOT_FOUND)", "ResponseEntity.badRequest()", "ResponseEntity.body()"], "search-terms": ["GlobalExceptionHandler", "RestControllerAdvice", "handleNotFound", "ExceptionHandler", "ApiError", "com.example.intelligentchatbotservice.api.error"], "state": 2, "file_id": 23, "knowledge_revision": 53, "git_revision": "c30e3d3ab4f39041165845ec243f5cffaae03a93", "hash": "53c510ecfb648b0d94612b8335da4130", "format-version": 4, "code-base-name": "intelligent_chatbot_service", "filename": "intelligent_chatbot_service/src/main/java/com/example/intelligentchatbotservice/api/error/GlobalExceptionHandler.java", "revision_history": [{"53": "c30e3d3ab4f39041165845ec243f5cffaae03a93"}]}