{"is_source_file": false, "format": "", "description": "", "external_files": [], "external_methods": [], "published": [], "classes": [], "methods": [], "calls": [], "search-terms": [], "state": 2, "file_id": 7, "knowledge_revision": 16, "git_revision": "84a478e37ceeb14a31dfbe8c04f95666bf400a57", "hash": "8fac8cedd60a45b85685f5367d325a81", "format-version": 4, "code-base-name": "intelligent_chatbot_service", "filename": "intelligent_chatbot_service/src/main/resources/db/migration/V2__seed_data.sql", "revision_history": [{"16": "84a478e37ceeb14a31dfbe8c04f95666bf400a57"}]}