{"is_source_file": false, "format": "", "description": "", "external_files": [], "external_methods": [], "published": [], "classes": [], "methods": [], "calls": [], "search-terms": [], "state": 2, "file_id": 25, "knowledge_revision": 55, "git_revision": "c30e3d3ab4f39041165845ec243f5cffaae03a93", "hash": "6de9f119785166a4d2e19a6098b0c41f", "format-version": 4, "code-base-name": "intelligent_chatbot_service", "filename": "intelligent_chatbot_service/config/checkstyle/suppressions.xml", "revision_history": [{"55": "c30e3d3ab4f39041165845ec243f5cffaae03a93"}]}