{"is_source_file": true, "format": "Java", "description": "Main application class for the intelligent chat bot service, using Spring Boot framework.", "external_files": ["org.springframework.boot.SpringApplication", "org.springframework.boot.autoconfigure.SpringBootApplication"], "external_methods": ["SpringApplication.run"], "published": ["com.example.intelligentchatbotservice.intelligentchatbotserviceApplication"], "classes": [{"name": "intelligentchatbotserviceApplication", "description": "The main Spring Boot application class serving as the entry point for the service."}], "methods": [{"name": "main", "description": "Standard Java main method that starts the Spring Boot application."}], "calls": ["SpringApplication.run"], "search-terms": ["Spring Boot", "java main class", "application entry point", "intelligent chat bot"], "state": 2, "file_id": 1, "knowledge_revision": 10, "git_revision": "112889c0ccc77b4440945a39c04b30e357c32f39", "hash": "ef6beb7a603d543874a03c15dbfa75c7", "format-version": 4, "code-base-name": "intelligent_chatbot_service", "filename": "intelligent_chatbot_service/src/main/java/com/example/demo/intelligentchatbotserviceApplication.java", "revision_history": [{"10": "112889c0ccc77b4440945a39c04b30e357c32f39"}]}