{"is_source_file": true, "format": "Java", "description": "Java Spring Boot REST controller defining endpoints for welcome message, API documentation redirect, and application info.", "external_files": ["io.swagger.v3.oas.annotations.Operation", "io.swagger.v3.oas.annotations.tags.Tag", "jakarta.servlet.http.HttpServletRequest", "org.springframework.http.server.ServletServerHttpRequest", "org.springframework.web.bind.annotation.GetMapping", "org.springframework.web.bind.annotation.RestController", "org.springframework.web.servlet.view.RedirectView", "org.springframework.web.util.UriComponentsBuilder"], "external_methods": ["UriComponentsBuilder.fromHttpRequest", "UriComponentsBuilder.replacePath", "UriComponentsBuilder.replaceQuery", "UriComponentsBuilder.build", "new ServletServerHttpRequest(request)"], "published": ["hello", "docs", "info"], "classes": [{"name": "HelloController", "description": "A REST controller providing basic endpoints for the intelligent chat bot service, including a welcome message, API docs redirect, and app info."}], "methods": [{"name": "hello", "description": "Handles GET requests at '/' and returns a greeting message."}, {"name": "docs", "description": "Redirects clients to the Swagger UI documentation page, building the URL based on the incoming request."}, {"name": "info", "description": "Provides basic application information."}], "calls": ["UriComponentsBuilder.fromHttpRequest", "UriComponentsBuilder.replacePath", "UriComponentsBuilder.replaceQuery", "UriComponentsBuilder.build", "new ServletServerHttpRequest(request)"], "search-terms": ["HelloController", "Spring Boot", "Swagger UI redirect", "API documentation endpoint", "Welcome endpoint"], "state": 2, "file_id": 2, "knowledge_revision": 34, "git_revision": "c30e3d3ab4f39041165845ec243f5cffaae03a93", "revision_history": [{"11": "112889c0ccc77b4440945a39c04b30e357c32f39"}, {"34": "c30e3d3ab4f39041165845ec243f5cffaae03a93"}], "hash": "3fa477d0ff526fa2d4cd669a16152d17", "format-version": 4, "code-base-name": "intelligent_chatbot_service", "filename": "intelligent_chatbot_service/src/main/java/com/example/demo/HelloController.java"}