{"is_source_file": true, "format": "Java", "description": "This Java class implements a WebSocket handler for a chat service, handling connection establishment, message receipt, and connection closure with stub implementations for greeting and acknowledgment messages.", "external_files": ["org.springframework.stereotype.Component", "org.springframework.web.socket.CloseStatus", "org.springframework.web.socket.TextMessage", "org.springframework.web.socket.WebSocketSession", "org.springframework.web.socket.handler.TextWebSocketHandler"], "external_methods": ["session.sendMessage(javax.websocket.Message)", "OffsetDateTime.now()"], "published": ["com.example.intelligentchatbotservice.ws.ChatWebSocketHandler"], "classes": [{"name": "ChatWebSocketHandler", "description": "WebSocket handler for chat interactions, extending TextWebSocketHandler to process connection events and messages."}], "methods": [{"name": "afterConnectionEstablished", "description": "Handles actions after a new WebSocket connection is established, sends a welcome message."}, {"name": "handleTextMessage", "description": "Processes incoming text messages, currently acknowledging receipt with a stub response."}, {"name": "afterConnectionClosed", "description": "Handles connection closure, currently as a no-op."}], "calls": ["session.sendMessage(com.sun.websocket.TextMessage)", "OffsetDateTime.now()"], "search-terms": ["WebSocketHandler", "ChatWebSocket", "com.example.intelligentchatbotservice.ws", "handleTextMessage", "afterConnectionEstablished"], "state": 2, "file_id": 21, "knowledge_revision": 51, "git_revision": "c30e3d3ab4f39041165845ec243f5cffaae03a93", "hash": "4190e868db3a355de0b6351a0e440188", "format-version": 4, "code-base-name": "intelligent_chatbot_service", "filename": "intelligent_chatbot_service/src/main/java/com/example/intelligentchatbotservice/ws/ChatWebSocketHandler.java", "revision_history": [{"51": "c30e3d3ab4f39041165845ec243f5cffaae03a93"}]}