{"is_source_file": true, "format": "Java", "description": "This file defines the ApiError class, representing a standard error payload for API responses, including timestamp, error code, message, and optional details.", "external_files": ["java.time.OffsetDateTime", "java.util.Map"], "external_methods": ["OffsetDateTime.now()"], "published": ["com.example.intelligentchatbotservice.api.error.ApiError"], "classes": [{"name": "ApiError", "description": "A class that encapsulates error information for API responses, including timestamp, code, message, and additional details."}], "methods": [{"name": "ApiError", "description": "Constructor that initializes an ApiError instance with specified code, message, and details."}, {"name": "getTimestamp", "description": "Returns the timestamp when the error was created."}, {"name": "getCode", "description": "Returns the error code."}, {"name": "getMessage", "description": "Returns the error message."}, {"name": "getDetails", "description": "Returns additional details about the error."}], "calls": ["OffsetDateTime.now()"], "search-terms": ["ApiError", "API error payload", "error response", "com.example"], "state": 2, "file_id": 22, "knowledge_revision": 52, "git_revision": "c30e3d3ab4f39041165845ec243f5cffaae03a93", "hash": "71cf68823bc06bbb39ddeeabcb4372f7", "format-version": 4, "code-base-name": "intelligent_chatbot_service", "filename": "intelligent_chatbot_service/src/main/java/com/example/intelligentchatbotservice/api/error/ApiError.java", "revision_history": [{"52": "c30e3d3ab4f39041165845ec243f5cffaae03a93"}]}