{"is_source_file": true, "format": "Java", "description": "A Java Data Transfer Object (DTO) class named MessageResponse used to encapsulate message response data in the intelligent chat bot service API.", "external_files": [], "external_methods": ["UUID.randomUUID()", "OffsetDateTime.now()"], "published": ["com.example.intelligentchatbotservice.api.dto.MessageResponse"], "classes": [{"name": "MessageResponse", "description": "A DTO class representing a message response, including metadata such as ID, conversation ID, role, message type, content, payload, and creation timestamp."}], "methods": [{"name": "MessageResponse()", "description": "Default constructor for MessageResponse."}, {"name": "MessageResponse(UUID, UUID, String, String, String, String, OffsetDateTime)", "description": "Parameterized constructor to instantiate MessageResponse with specific values."}, {"name": "getId()", "description": "Returns the unique identifier of the message."}, {"name": "getConversationId()", "description": "Returns the conversation identifier associated with this message."}, {"name": "getRole()", "description": "Returns the role associated with this message (e.g., user, bot)."}, {"name": "getMessageType()", "description": "Returns the type of message."}, {"name": "getContent()", "description": "Returns the message content."}, {"name": "getPayload()", "description": "Returns additional payload data associated with the message."}, {"name": "getCreatedAt()", "description": "Returns the timestamp when the message was created."}], "calls": ["UUID.randomUUID()", "OffsetDateTime.now()"], "search-terms": ["MessageResponse", "DTO", "Java class", "api.dto", "MessageResponse.java"], "state": 2, "file_id": 16, "knowledge_revision": 46, "git_revision": "c30e3d3ab4f39041165845ec243f5cffaae03a93", "hash": "42ebd5148c9baf55944dfae186741792", "format-version": 4, "code-base-name": "intelligent_chatbot_service", "filename": "intelligent_chatbot_service/src/main/java/com/example/intelligentchatbotservice/api/dto/MessageResponse.java", "revision_history": [{"46": "c30e3d3ab4f39041165845ec243f5cffaae03a93"}]}