{"is_source_file": true, "format": "Java", "description": "This file defines the MessageRepository interface, which is a Spring Data JPA repository for the Message entity, providing methods to query messages by conversation ID and creation time.", "external_files": ["com/example/intelligentchatbotservice/domain/Message.java", "org.springframework.data.jpa.repository.JpaRepository", "org.springframework.data.domain.Pageable", "java.time.OffsetDateTime"], "external_methods": ["JpaRepository< Message, UUID >", "List< Message > findByConversationIdOrderByCreatedAtAsc(UUID)", "List< Message > findByConversationIdAndCreatedAtAfterOrderByCreatedAtAsc(UUID, OffsetDateTime, Pageable)"], "published": ["MessageRepository"], "classes": [{"name": "MessageRepository", "description": "Repository interface for Message entity, providing custom query methods for retrieving messages based on conversation ID and timestamp."}], "methods": [{"name": "findByConversationIdOrderByCreatedAtAsc", "description": "Fetches all Message objects associated with the specified conversation ID, ordered by creation time ascending."}, {"name": "findByConversationIdAndCreatedAtAfterOrderByCreatedAtAsc", "description": "Retrieves a paginated list of Message objects for the specified conversation ID created after a given timestamp, ordered ascending."}], "calls": ["JpaRepository< Message, UUID >", "findByConversationIdOrderByCreatedAtAsc", "findByConversationIdAndCreatedAtAfterOrderByCreatedAtAsc"], "search-terms": ["MessageRepository", "conversation ID query", "Spring Data JPA", "Message entity", "repository interface"], "state": 2, "file_id": 12, "knowledge_revision": 42, "git_revision": "c30e3d3ab4f39041165845ec243f5cffaae03a93", "hash": "d975d0be938b13e30af544af4747eef9", "format-version": 4, "code-base-name": "intelligent_chatbot_service", "filename": "intelligent_chatbot_service/src/main/java/com/example/intelligentchatbotservice/repo/MessageRepository.java", "revision_history": [{"42": "c30e3d3ab4f39041165845ec243f5cffaae03a93"}]}