{"is_source_file": true, "format": "Java", "description": "The file defines a REST controller for a Spring Boot application, providing basic endpoints such as welcome, documentation redirect, health check, and application info.", "external_files": ["io.swagger.v3.oas.annotations.Operation", "io.swagger.v3.oas.annotations.tags.Tag", "jakarta.servlet.http.HttpServletRequest", "org.springframework.http.server.ServletServerHttpRequest", "org.springframework.web.bind.annotation.GetMapping", "org.springframework.web.bind.annotation.RestController", "org.springframework.web.servlet.view.RedirectView", "org.springframework.web.util.UriComponentsBuilder"], "external_methods": ["UriComponentsBuilder.fromHttpRequest", "ServletServerHttpRequest(request)", "replacePath", "replaceQuery", "build", "toUriString", "RedirectView(target)", "setHttp10Compatible"], "published": ["hello", "docs", "health", "info"], "classes": [{"name": "HelloController", "description": "A REST controller exposing basic endpoints for the application, including welcome message, documentation redirect, health check, and info."}], "methods": [{"name": "hello", "description": "Returns a welcome message indicating the service is running."}, {"name": "docs", "description": "Builds a URL to Swagger UI and redirects the request there, preserving the original request scheme, host, and port."}, {"name": "health", "description": "Returns a simple 'OK' string indicating the application's health status."}, {"name": "info", "description": "Returns application information, specifically the name 'intelligentchatbotservice'."}], "calls": ["UriComponentsBuilder.fromHttpRequest", "ServletServerHttpRequest", "replacePath", "replaceQuery", "build", "toUriString", "new RedirectView", "setHttp10Compatible"], "search-terms": ["HelloController", "Swagger UI redirect", "health check endpoint", "application info endpoint", "Spring Boot REST controller"], "state": 2, "file_id": 2, "knowledge_revision": 11, "git_revision": "112889c0ccc77b4440945a39c04b30e357c32f39", "hash": "e63c637433cac8d19b0738682bb983f8", "format-version": 4, "code-base-name": "intelligent_chatbot_service", "filename": "intelligent_chatbot_service/src/main/java/com/example/demo/HelloController.java", "revision_history": [{"11": "112889c0ccc77b4440945a39c04b30e357c32f39"}]}