{"is_source_file": false, "format": "", "description": "", "external_files": [], "external_methods": [], "published": [], "classes": [], "methods": [], "calls": [], "search-terms": ["README.md", "airport-passenger-service-platform", "26705"], "state": 2, "file_id": 5, "knowledge_revision": 9, "git_revision": "f2f818bb0844658543b0923ab466b496dca475df", "hash": "a2c2df7da9136a9d132b6553a8b778fd", "format-version": 4, "code-base-name": "intelligent_chatbot_service", "filename": "README.md", "revision_history": [{"9": "f2f818bb0844658543b0923ab466b496dca475df"}]}